    type_stands,X,Y,Easting,Northing,location_stand,no_stands,physical_condition,occupancy,expanded_capacity,security_safetyrating,lighting,protection_weather,large_development,ease_access,proximity_cyclenetwork,commercial,retail,residential,transportation,education,recreational,entertainment,restaurants,expanded_stands
Sheffield Stand,-6.22726053,53.34779261,318106.414,234502.185,East wall road outside the O2,4,High,0,1000,Medium,High,Low,All,Good,Visible,,,,,,,Yes,,20
Sheffield Stand,-6.265138686,53.33424783,315620.753,232932.916,"Camden street lower, outside centra shop",1,High,50,1000,High,High,Low,All,Good,Visible,Yes,Yes,Yes,Yes,Yes,Yes,Yes,Yes,10
Sheffield Stand,-6.249765605,53.34494805,316615.57,234148.652,Marks lane,2,High,0,700,Medium,High,Low,All,Good,Unknown,,,Yes,,,,,,14
Sheffield Stand,-6.251051724,53.34851312,316520.2,234543.281,"Custom House Quay, outside AIB International Centre",1,High,0,600,,High,Low,,Good,Visible,Yes,,,,,,,,6
Sheffield Stand,-6.242272854,53.34296483,317119.98,233940.217,Pearce street outside garden area,3,High,0,500,High,High,Low,All,Good,Visible,,,,,,,,,15
Sheffield Stand,-6.262080967,53.34817688,315786.687,234487.924,"Middle abbey street, outside arnotts carpark",2,Medium,25,500,High,High,Low,All,Good,Visible,,,,,,,,,10
Sheffield Stand,-6.25176385,53.35182974,316463.739,234911.2,Foley street,3,High,0,500,Medium,High,Low,All,Good,Unknown,,,,,,,,,15
Sheffield Stand,-6.268160194,53.35686542,315358.411,235444.966,Bloomington street outside Dargans pharmacy.,3,High,,500,High,High,Low,All,Good,Adjacent & Visible,,,,,,,,,15
Sheffield Stand,-6.264363527,53.35398625,315618.97,235130.706,Parnell square north,4,High,,500,High,High,Low,All,Good,Unknown,,,,,,,,,20
Sheffield Stand,-6.262504756,53.34211451,315774.891,233812.603,"William street south, duke street gallery.",2,High,100,500,High,High,Low,All,Good,Unknown,,,,,,,,,10
Sheffield Stand,-6.271338612,53.35055212,315163.824,234737.276,North king street,2,High,,500,High,High,Low,All,Good,Adjacent & Visible,,,,,,,,,10
Sheffield Stand,-6.245986372,53.33485887,316894.837,233032.088,Maggot street lower outside Medmark healthcare ,2,High,25,500,High,High,Low,All,Good,Adjacent & Visible,,,,,,,,,10
Railing,-6.262797117,53.33769129,315767.401,233319.904,"Cuffe street, across from O'callaghan Stephen green hotel",5,High,20,400,High,High,Low,All,Good,Adjacent & Visible,Yes,Yes,Yes,Yes,Yes,Yes,Yes,Yes,20
Sheffield Stand,-6.25826081,53.35392471,316025.458,235133.756,Parnell street outside temple hall,2,High,0,400,High,High,Low,All,Good,Visible,,,,,,,,,8
Sheffield Stand,-6.264474839,53.3509772,315619.703,234795.672,Parnell street outside beauty chic,2,High,50,400,High,High,Low,All,Good,Adjacent & Visible,Yes,Yes,Yes,Yes,Yes,Yes,Yes,Yes,8
Sheffield Stand,-6.259794384,53.35342112,315924.719,235075.225,"Parnell street, outside 147 deli",2,High,0,400,High,High,Low,All,Good,Adjacent & Visible,,,,,,,,,8
Sheffield Stand,-6.265522242,53.33630513,315589.64,233161.236,"Wexford street, Infront of bank of ireland",2,High,25,400,High,High,Low,All,Good,Adjacent & Visible,Yes,Yes,Yes,Yes,Yes,Yes,Yes,Yes,8
Sheffield Stand,-6.264283061,53.34393043,315651.544,234011.802,"Bottom of George's street, beside the mercantile",6,High,100,400,High,High,Low,All,Good,Adjacent & Visible,Yes,Yes,Yes,Yes,Yes,Yes,Yes,Yes,24
Sheffield Stand,-6.252724081,53.33299531,316451.114,232813.702,Fitzwilliam Place,2,High,100,400,Medium,High,Low,All,Good,Unknown,,,,,,,,,8
Sheffield Stand,-6.268814653,53.34846989,315337.504,234509.634,Capel street outside AIB bank,1,High,100,400,High,High,Low,All,Good,Unknown,,,,,,,,,4
Railing,-6.250445545,53.341293,316580.261,233740.801,Merrion street lower,4,High,15,300,High,High,Low,All,Good,Adjacent & Visible,,,,,,,,,12
Railing,-6.258763075,53.33366002,316047.035,232877.843,Earlsfort Terrace,4,High,65,300,Medium,High,Low,All,Good,Unknown,,,,,,,,,12
Sheffield Stand,-6.257420629,53.34867644,316095.659,234551.083,Abbey street lower near abbey street luas station,3,High,33,300,High,High,Low,All,Good,Unknown,,,,Yes,,,,,9
Sheffield Stand,-6.249542981,53.35221799,316610.552,234958.029,Amiens street under train tracks,3,High,0,300,High,High,Low,All,Good,Unknown,,,,,,,,,9
Sheffield Stand,-6.259003133,53.35921696,315961.665,235721.484,North circular road outside carolans off licence,2,High,0,300,High,High,Low,All,Good,Adjacent & Visible,,,,,,,,,6
Sheffield Stand,-6.26837343,53.35274391,315355.344,234985.97,"Dorset Street Upper, outside Ritzy Rags Shop",2,High,0,300,High,High,Low,,Good,Adjacent & Visible,,Yes,Yes,,,,,Yes,6
Sheffield Stand,-6.252315044,53.35165203,316427.523,234890.525,Foley street,3,High,16,300,Medium,High,Low,All,Good,Unknown,,,,,,,,,9
Sheffield Stand,-6.268642992,53.35275832,315337.357,234987.138,Dorset street upper outside techno logic ,2,High,,300,High,High,Low,All,Good,Adjacent & Visible,,,,,,,,,6
Sheffield Stand,-6.261105984,53.35264945,315839.483,234987.223,Parnell street outside lomdis,2,High,25,300,High,High,Low,All,Good,Visible,,,,,,,,,6
Sheffield Stand,-6.257088035,53.35410392,316103.055,235155.605,Top of Parnell street opposite Londis,2,High,25,300,High,High,Low,All,Good,Adjacent & Visible,,,,,,,,,6
Sheffield Stand,-6.261493564,53.33916468,315850.231,233485.98,"St Stephens green Luas, in front of certus",5,High,100,300,High,High,Low,All,Good,Visible,Yes,Yes,Yes,Yes,Yes,Yes,Yes,Yes,15
Sheffield Stand,-6.254994571,53.34695679,316261.885,234363.663,Tara street,4,High,,300,Medium,High,Low,All,Good,Visible,,,,,,,,,12
Sheffield Stand,-6.228922158,53.34845548,317993.936,234573.204,Mayor street upper beside the point luas station,6,High,30,300,Medium,High,Low,All,Good,Unknown,Yes,,,Yes,,,Yes,,18
Sheffield Stand,-6.258693337,53.35708473,315988.079,235484.708,Mountjoy square noeth,5,High,10,300,High,High,Low,All,Good,Visible,,,,,,,,,15
Sheffield Stand,-6.263477057,53.34307452,315707.538,233917.86,"Exchequer Street, outside Fallon Byrne ",1,High,100,300,High,High,Low,All,Good,Unknown,,,,,,,,,3
Sheffield Stand,-6.267122179,53.34103437,315470.295,233684.928,"Stephens street upper, beside IBOA House",6,High,15,300,Medium,High,Low,,Good,Unknown,Yes,,Yes,,,,,,18
Sheffield Stand,-6.264492273,53.34339079,315639.072,233951.41,George's street great south outside Dublin business school,4,High,100,300,High,High,Low,All,Good,Adjacent & Visible,,,,,,,,,12
Sheffield Stand,-6.263179332,53.34308013,315727.351,233918.966,Exchequer street,2,High,100,300,High,High,Low,All,Good,Unknown,Yes,Yes,Yes,Yes,Yes,Yes,Yes,Yes,6
Sheffield Stand,-6.266077459,53.3471065,315523.457,234362.337,Jervis street,2,High,100,300,High,High,Low,All,Good,Unknown,,,,,,,,,6
Sheffield Stand,-6.272172779,53.34126417,315133.303,233702.346,Patrick street opposite daybreak shop,2,High,0,300,Medium,High,Low,All,Good,Adjacent & Visible,,,,,,,,,6
Sheffield Stand,-6.275383383,53.34595443,314906.864,234219.119,Opposite 179 Church street,4,High,,300,Medium,High,Low,All,Good,Adjacent & Visible,,,,,,,,,12
Sheffield Stand,-6.248770505,53.33677519,316704.154,233240.786,Baht street lower outside Larry Murphy's,2,High,75,300,High,High,Low,All,Good,Visible,,,,,,,,,6
Sheffield Stand,-6.247810274,53.33588071,316770.555,233142.817,Maggot street lower outside bank of ireland,4,High,50,300,High,High,Low,All,Good,Visible,,,,,,,,,12
Sheffield Stand,-6.255081743,53.34158766,316270.688,233766.034,,2,High,67,300,Medium,High,Low,All,Good,Unknown,,,,,,,,,9
Sheffield Stand,-6.24988094,53.34336116,316612.22,233971.872,Westland row,3,High,85,300,High,High,Low,All,Good,Visible,,,,,,,,,9
Sheffield Stand,-6.245094538,53.34337317,316930.946,233981.034,Pearce street,2,High,100,300,High,High,Low,All,Good,Visible,,,,,,,,,6
Sheffield Stand,-6.26622498,53.33866101,315536.464,233422.266,Aungier street outside DIT,5,High,80,299,High,High,Low,All,Good,Adjacent & Visible,Yes,Yes,Yes,Yes,Yes,Yes,Yes,Yes,15
Sheffield Stand,-6.269459724,53.35013744,315290.05,234694.162,Capel street outside Dublin College of Advanced Studies,4,High,62.5,250,,High,Low,All,Good,Visible,,,,,,,,,10
Sheffield Stand,-6.268934011,53.35202907,315319.949,234905.516,Kings Inn Street,4,High,0,250,Medium,High,Low,All,Good,Visible,,,,,,,,,10
Sheffield Stand,-6.257198006,53.35419437,316095.487,235165.492,top of Parnell street,4,High,50,250,High,High,Low,All,Good,Adjacent & Visible,,,,,,,,,10
Sheffield Stand,-6.264808774,53.3508299,315597.866,234778.739,"Parnell Street, outside Burger King",4,High,75,250,High,High,Low,All,Good,Adjacent & Visible,Yes,Yes,Yes,Yes,Yes,Yes,Yes,Yes,8
Sheffield Stand,-6.267952323,53.348618,315394.526,234527.509,Mary street outside Mary Mall,2,High,100,250,High,High,Low,All,Good,Unknown,,,,,,,,,6
Sheffield Stand,-6.269868761,53.35896725,315238.991,235676.104,Berkeley road outside Flanagans pharmacy,2,High,0,250,Medium,High,Low,All,Good,Adjacent & Visible,,,,,,,,,5
Stainless Steel Curved,-6.24368906,53.34900307,317009.128,234609.842,Mayor street lower outside AIB,6,High,100,250,High,High,Low,All,Good,Visible,,,,Yes,,,,,15
Stainless Steel Curved,-6.24969855,53.34960348,316607.33,234666.827,George's Dock across the road from KPMG,4,High,63,250,High,High,Low,All,Good,Unknown,,,,,,,,,10
Railing,-6.260666102,53.34371105,315893.014,233993.252,Suffolk street,4,High,90,200,High,High,Low,,Good,Unknown,Yes,,,,,,,,8
Railing,-6.261174381,53.3400639,315869.052,233586.565,,4,High,,200,High,High,High,All,Good,Adjacent & Visible,Yes,Yes,Yes,Yes,Yes,Yes,Yes,Yes,8
Railing,-6.249374002,53.34383275,316644.693,234025.179,Westmoreland street,4,High,30,200,High,High,Low,All,Good,Visible,,,,,,,,,8
Railing,-6.255238652,53.34522827,316250.334,234170.913,Pearce street,4,High,0,200,High,High,Low,All,Good,Visible,,,,,Yes,,,,8
Sheffield Stand,-6.267784685,53.34989648,315402.235,234670.053,"Wolfe Tone Street, outside Alexanders bridal shop",3,High,0,200,High,High,Low,All,Good,Adjacent & Visible,,,,,,,,,6
Sheffield Stand,-6.268844157,53.3519178,315326.232,234893.278,Start of kings inn street,4,High,0,200,Medium,High,Low,All,Good,Visible,,,,,,,,,8
Sheffield Stand,-6.266541481,53.34864922,315488.388,234533.264,"Jervis street, outside McDonolds.",3,High,100,200,High,High,Low,All,Good,Unknown,Yes,Yes,Yes,Yes,Yes,Yes,Yes,Yes,9
Sheffield Stand,-6.26539886,53.33448808,315602.772,232959.23,Camden street lower,2,High,50,200,High,High,Low,All,Good,Visible,Yes,Yes,Yes,Yes,Yes,Yes,Yes,Yes,4
Sheffield Stand,-6.27489002,53.34357364,314946.122,233954.973,High street,5,High,0,200,High,High,Low,All,Good,Visible,,,,,,,,,10
Sheffield Stand,-6.263350993,53.33909021,315726.722,233474.681,"York street, royal college of surgeons",10,High,25,200,Medium,High,Low,All,Good,Unknown,Yes,Yes,Yes,Yes,Yes,Yes,Yes,Yes,20
Sheffield Stand,-6.268060952,53.34999014,315383.587,234680.029,Parnell street,3,High,,200,High,High,Low,All,Good,Adjacent & Visible,,,,,,,,,6
Sheffield Stand,-6.259502023,53.35296244,315945.429,235024.657,Marlborough street outside eircom and kanoodle,8,High,10,200,Medium,High,Low,All,Good,Unknown,,,,,,,,,16
Sheffield Stand,-6.266872734,53.35033197,315461.782,234719.989,Parnell street outside euro giant,5,High,20,200,High,High,Low,All,Good,Adjacent & Visible,,,,,,,,,10
Sheffield Stand,-6.256611943,53.35440329,316133.939,235189.694,Start of Summer hill,3,High,0,200,High,High,Low,All,Good,Visible,,,,,,,,,6
Sheffield Stand,-6.26113683,53.34013196,315871.369,233594.199,"St. Stephens Green, outside oxfam and specsavers",8,High,95,200,High,High,High,All,Good,Unknown,Yes,Yes,Yes,Yes,Yes,Yes,Yes,Yes,16
Sheffield Stand,-6.267641187,53.34997173,315411.587,234678.658,"Parnell Street, outside Alexander's bridal shop",6,High,0,200,,High,Low,All,Good,Adjacent & Visible,,,,,,,,,12
Sheffield Stand,-6.250421405,53.34094069,316582.83,233701.635,Merrion square North,4,High,40,200,High,High,Low,All,Good,Adjacent & Visible,,,,,,,,,8
Sheffield Stand,-6.243741363,53.33881395,317033.547,233475.893,Mount street lower opposite new mount house,4,High,25,200,High,High,Low,All,Good,Adjacent & Visible,,,,,,,,,8
Sheffield Stand,-6.263815016,53.33274144,315713.001,232767.425,"Harcourt road, in front of regius building",4,High,87,200,High,High,Low,All,Good,Unknown,Yes,Yes,Yes,Yes,Yes,Yes,Yes,Yes,8
Sheffield Stand,-6.264456064,53.33893887,315653.53,233456.05,Mercer street outside DCC,8,High,0,200,High,High,Low,All,Good,Unknown,,,,,,,,,16
Sheffield Stand,-6.259013861,53.352234,315979.91,234944.387,Marlborough street outside admiral restraunt,4,High,0,200,Medium,High,Low,All,Good,Unknown,,,,Yes,,,,,8
Sheffield Stand,-6.255112588,53.34845308,316249.955,234529.981,Eden Quay ooutside Liberty Hall,2,High,0,200,High,High,Low,All,Good,Visible,,,,,,,,,4
Sheffield Stand,-6.254687458,53.35073224,316272.062,234784.303,Talbot Street outside Singer shop,5,High,30,200,High,High,Low,All,Good,Visible,,,,,,,,,10
Sheffield Stand,-6.262134612,53.33883157,315808.438,233447.871,"York street, across from Dublinbike station",10,High,25,200,Medium,High,Low,All,Good,Unknown,,,,,,,,,20
Sheffield Stand,-6.263308078,53.34064683,315725.365,233647.975,Johnstons place outside pearls shop,5,High,80,200,High,High,Low,All,Good,Unknown,,,,,,,,,10
Sheffield Stand,-6.26537472,53.33501182,315602.964,233017.552,"Camden street lower, outside cracker nut cafe",4,High,12,200,High,High,Low,All,Good,Visible,Yes,Yes,Yes,Yes,Yes,Yes,Yes,Yes,8
Sheffield Stand,-6.265439093,53.35618587,315541.409,235373.744,Blessignton street outside La Pausa cafe,2,High,50,200,High,High,Low,All,Good,Visible,,,,,,,,,4
Sheffield Stand,-6.259095669,53.35946908,315954.82,235749.39,North circular road and belvidire road junction,3,High,,200,High,High,Low,All,Good,Adjacent & Visible,,,,,,,,,6
Sheffield Stand,-6.265355945,53.3351824,315603.753,233036.565,"Camden street lower, across from Fontana cafe",2,High,0,200,High,High,Low,All,Good,Unknown,Yes,Yes,Yes,Yes,Yes,Yes,Yes,Yes,4
Sheffield Stand,-6.265075654,53.35358842,315572.633,235085.282,Parnell square west,4,High,20,200,High,High,Low,All,Good,Unknown,,,,,,,,,8
Sheffield Stand,-6.250158548,53.34184388,316597.872,233802.573,Merrion street lower island,4,High,50,200,High,High,Low,All,Good,Unknown,,,,,,,,,8
Sheffield Stand,-6.256172061,53.3341197,316218.377,232933.21,Hatch street lower,3,High,100,200,Medium,High,Low,All,Good,Visible,,,,,,,,,6
Sheffield Stand,-6.268229932,53.34716815,315379.955,234365.718,Capel street outside capel kebab and pizza house,3,High,100,200,High,High,Low,All,Good,Unknown,,,,,,,,,6
Sheffield Stand,-6.266204864,53.34744836,315514.049,234400.174,Jervis street opposite TP Smiths,3,High,100,200,High,High,Low,All,Good,Unknown,,,,,,,,,6
Sheffield Stand,-6.27913177,53.34645482,314655.905,234268.779,Aaran quay outside bank of Ireland,4,High,0,200,High,High,Low,All,Good,Adjacent & Visible,,,,,,,,,8
Sheffield Stand,-6.267873198,53.34572226,315407.616,234205.393,Grattan bridge ,6,High,33,200,High,High,Low,All,Good,Unknown,,,,,,,,,12
Sheffield Stand,-6.267226785,53.34433076,315454.422,234051.588,Parliament Street across from florentina restaurant,3,High,100,200,High,High,Low,All,Good,Visible,Yes,Yes,Yes,Yes,Yes,Yes,Yes,Yes,6
Sheffield Stand,-6.267397106,53.34442924,315442.813,234062.272,"Parliament street, outside subway ",2,High,75,200,High,High,Low,All,Good,Visible,,,,,,,,,4
Sheffield Stand,-6.257717013,53.34716014,316080.042,234381.864,Burgh quay,4,High,25,200,High,High,Low,All,Good,Adjacent & Visible,Yes,Yes,Yes,Yes,Yes,Yes,Yes,Yes,8
Sheffield Stand,-6.292895526,53.33847123,313760.594,233358.334,Fatima luas stop,5,High,10,200,Medium,High,Low,All,Good,Unknown,,,Yes,,,,,,10
Sheffield Stand,-6.277207285,53.34695199,314782.725,234327.197,Phoenix street north,7,High,33,200,Medium,High,Low,All,Good,Visible,,,,,,,,,14
Sheffield Stand,-6.246668994,53.33943693,316836.853,233540.426,Merrion square east,5,High,80,200,High,High,Low,All,Good,Visible,,,,,,,,,10
Sheffield Stand,-6.270769984,53.35073624,315201.19,234758.683,North kings street,3,High,,200,High,High,Low,All,Good,Adjacent & Visible,Yes,Yes,Yes,Yes,Yes,Yes,Yes,Yes,6
Sheffield Stand,-6.270670742,53.35059775,315208.171,234743.431,North kings streetboutside macro,3,High,15,200,High,High,Low,All,Good,Adjacent & Visible,Yes,Yes,Yes,Yes,Yes,Yes,Yes,Yes,6
Sheffield Stand,-6.248680651,53.33709791,316709.257,233276.846,Fitzwilliam street lower,4,High,20,200,High,High,Low,All,Good,Visible,,,,,,,,,8
Sheffield Stand,-6.272837967,53.36211259,315032.851,236021.338,Phisborough road opposite mc donalds,3,High,85,200,High,High,Low,All,Good,Unknown,,,,,,,,,6
Sheffield Stand,-6.262333095,53.34814966,315769.972,234484.486,Middle abbey street ,3,High,0,200,High,High,Low,All,Good,Visible,,,,,,,,,6
Sheffield Stand,-6.262656301,53.34799275,315748.875,234466.501,Middle abbey street outside hidden hearing.,4,High,37,200,High,High,Low,All,Good,Unknown,Yes,Yes,Yes,Yes,Yes,Yes,Yes,Yes,8
Sheffield Stand,-6.260793507,53.3481929,315872.375,234491.795,"Middle abbey street, outside celebration party shop.",4,High,75,200,High,High,Low,All,Good,Visible,,,,,,,,,8
Sheffield Stand,-6.256654859,53.33898211,316173.002,233473.523,St Stephen's green North,8,High,20,200,High,High,Low,All,Good,Adjacent & Visible,,,,,,,,,16
Sheffield Stand,-6.255034804,53.34144673,316274.198,233750.427,,3,High,50,200,Medium,High,Low,All,Good,Unknown,,,,,,,,,7
Sheffield Stand,-6.258557886,53.34909033,316018.807,234595.293,Sack like place,2,High,4,200,Medium,High,Low,,Good,Visible,,,,,,,,,4
Sheffield Stand,-6.257915497,53.34132102,316082.686,233731.752,Goldsworthy street outside Foxx Coffee House,6,High,100,200,Medium,High,Low,All,Good,Unknown,,,,,,,,,12
Sheffield Stand,-6.252296269,53.34185349,316455.475,233800.154,Lincoln Place,4,High,40,200,High,High,Low,All,Good,Unknown,,,,,,,,,8
Sheffield Stand,-6.244401187,53.33711313,316994.256,233285.541,Mount street upper,6,High,30,200,Medium,High,Low,All,Good,Unknown,,,,,,,,,12
Sheffield Stand,-6.245165616,53.33927038,316937.438,233524.352,Mount street lower opposite howl at the moon club,3,High,50,200,High,High,Low,All,Good,Adjacent & Visible,,,,,,,,,6
Sheffield Stand,-6.253649443,53.34738591,316350.291,234413.607,Georges Quay,2,High,25,200,High,High,Low,All,Good,Visible,,,,,,,,,4
Stainless Steel Curved,-6.238718927,53.34301848,317356.514,233952.022,Grand canal docks,5,High,50,200,Medium,High,Low,All,Good,Visible,,,,,,,,,10
Stainless Steel Curved,-6.238583475,53.34339239,317364.508,233993.854,Grand canal docks outside fresh,4,High,80,200,Medium,High,Low,All,Good,Visible,,,,,,,,,8
Stainless Steel Curved,-6.236217767,53.34491682,317517.864,234167.385,Blood stone road,4,High,0,200,Medium,High,Low,All,Good,Unknown,,,,,,,,,8
Stainless Steel Curved,-6.24309361,53.3476477,317052.491,234459.99,"Both wall quay, opposite the Spenser. ",4,High,80,200,High,High,Low,All,Good,Adjacent & Visible,,,,,,,,,8
Stainless Steel Curved,-6.2415272,53.34621063,317160.739,234302.639,Sir john Robertson quay,4,High,0,200,Medium,High,Low,All,Good,Adjacent & Visible,,,,,,,,,8
Sheffield Stand,-6.252639592,53.3417502,316432.892,233788.1,Start of Leinster street south,3,High,,167,High,High,Low,All,Good,Unknown,,,,,,,,,5
Sheffield Stand,-6.259177476,53.35260382,315968.012,234985.276,Marlborough street opposite An Board Pleanala ,5,High,25,160,Medium,High,Low,All,Good,Unknown,,,,,,,,,8
Railing,-6.240792274,53.3378138,317232.711,233369.431,Mount street lower outside board bia,4,High,65,150,High,High,Low,All,Good,Adjacent & Visible,,,,,,,,,6
Sheffield Stand,-6.265382767,53.33482844,315602.924,232997.132,"Camden street lower, Infront of enable ireland",5,High,20,150,High,High,Low,All,Good,Visible,Yes,Yes,Yes,Yes,Yes,Yes,Yes,Yes,8
Sheffield Stand,-6.245928705,53.35520694,316843.026,235296.554,North strand road,4,High,25,150,High,High,Low,All,Good,Adjacent & Visible,,,,,,,,,6
Sheffield Stand,-6.248283684,53.35334747,316691.315,235085.778,Amiens street outside the funky skunk,4,High,20,150,High,High,Low,All,Good,Adjacent & Visible,,,,,,,,,6
Sheffield Stand,-6.269626021,53.35134383,315275.722,234828.143,"Bolton Street, outside DIT",7,High,20,150,High,High,Low,,Good,Adjacent & Visible,,,Yes,Yes,Yes,,,,11
Sheffield Stand,-6.25492081,53.34901267,316261.203,234592.566,Eden Quay outside Beresford Court,4,High,50,150,High,High,Low,All,Good,Unknown,,,,,,,,,6
Sheffield Stand,-6.254671365,53.35066259,316273.323,234776.579,Talbot street outside Guiney and co.,6,High,16,150,High,High,Low,All,Good,Unknown,,,,,,,,,9
Sheffield Stand,-6.258886456,53.3537389,315984.307,235112.062,Top of Parnell street outside Foleys pharmacy,4,High,25,150,High,High,Low,All,Good,Visible,,,,,,,,,6
Sheffield Stand,-6.260423362,53.3399558,315919.365,233575.754,St Stephens green north outside permanent tsb,10,High,80,150,High,High,Low,All,Good,Unknown,Yes,Yes,Yes,Yes,Yes,Yes,Yes,Yes,15
Sheffield Stand,-6.267024279,53.34998454,315452.63,234681.081,Jervis Street outside Penny's,5,High,20,150,Medium,High,Low,All,Good,Visible,,,,,,,,,7
Sheffield Stand,-6.265439093,53.33662064,315594.326,233196.481,"Wexford street, djinn shop, across the road from opium
",2,High,50,150,High,High,Low,All,Good,Adjacent & Visible,Yes,Yes,Yes,Yes,Yes,Yes,Yes,Yes,3
Sheffield Stand,-6.266015768,53.3392936,315548.689,233493,"Aungier street, outside YMCA",5,High,60,150,High,High,Low,All,Good,Adjacent & Visible,Yes,Yes,Yes,Yes,Yes,Yes,Yes,Yes,7
Sheffield Stand,-6.25944972,53.35237568,315950.504,234959.445,Cathal Brugha street,4,High,,150,Medium,High,Low,All,Good,Unknown,,,,,,,,,6
Sheffield Stand,-6.259444356,53.35225641,315951.185,234946.182,Cathal Brugha Street outside DIT,9,High,0,150,High,High,Low,All,Good,Unknown,,,,,Yes,,,,14
Sheffield Stand,-6.26539886,53.33423822,315603.448,232931.425,"Camden street lower, Simon community shop,.",5,High,60,150,High,High,High,All,Good,Adjacent & Visible,Yes,Yes,Yes,Yes,Yes,Yes,Yes,Yes,8
Sheffield Stand,-6.262373328,53.34211691,315783.638,233813.084,Coppinger row,8,High,100,150,High,High,Low,All,Good,Unknown,,,,,,,,,12
Sheffield Stand,-6.263774782,53.35127979,315665.497,234830.478,Parnell street outside Centra ,6,High,90,150,High,High,Low,All,Good,Adjacent & Visible,,,,,,,,,9
Sheffield Stand,-6.257439405,53.3362755,316128.101,233171.05,Start of st. Stephen's Green terrace. ,4,High,80,150,High,High,Low,All,Fair,Adjacent & Visible,,,,,,,,,6
Sheffield Stand,-6.25215143,53.33690652,316478.602,233249.882,"Pembroke street lower, opposite coffee angel.",4,High,40,150,Medium,High,Low,All,Good,Unknown,,,,,,,,,6
Sheffield Stand,-6.259725988,53.34860279,315942.348,234539.141,"O'Connell street, median, behind Sir John Gray monument",4,High,100,150,High,High,Low,All,Fair,Visible,,,,,,,,,10
Sheffield Stand,-6.274455339,53.33232339,315005.336,232703.719,South Circular road tesco,3,High,,150,,High,Low,All,Good,Visible,,,,,,,,,5
Sheffield Stand,-6.266537458,53.34511458,315498.21,234139.928,"Essex street east, outside the Clarence hotel",3,High,80,150,High,High,Low,,Good,Unknown,,,Yes,,,,Yes,Yes,4
Sheffield Stand,-6.273295283,53.33919831,315064.105,233470.644,The coombe outside ovenden house. ,4,High,80,150,Medium,High,Low,All,Good,Visible,,,,,,,,,6
Sheffield Stand,-6.260206103,53.34439721,315921.787,234070.356,"College green, median",13,High,90,150,High,High,Low,All,Poor,Unknown,,,,,,,,,20
Sheffield Stand,-6.2726596,53.35032477,315076.477,234709.847,North king street,5,High,0,150,High,High,Low,All,Good,Adjacent & Visible,,,,,,,,,7
Sheffield Stand,-6.253476441,53.3323394,316402.783,232739.484,End of Adelaide road beside kiosk,4,High,25,150,High,High,Low,All,Good,Adjacent & Visible,,,,,,,,,6
Sheffield Stand,-6.250662804,53.33551714,316581.544,233097.698,Start of Fitzwilliam square north,4,High,65,150,High,High,Low,All,Good,Unknown,,,,,,,,,6
Sheffield Stand,-6.261388958,53.34824573,315832.581,234496.708,"Middle abbey street,  outside independent house newspaper limited.",10,High,35,150,High,High,Low,All,Good,Visible,,,,,,,,,15
Sheffield Stand,-6.263314784,53.34790949,315705.252,234456.169,"Middle abbey street, outside austrailia travel.",5,High,80,150,High,High,Low,All,Good,Unknown,,,,,,,,,8
Sheffield Stand,-6.241157055,53.33936646,317204.157,233541.615,Grand canal street lower,4,High,30,150,High,High,Low,All,Good,Visible,,,,,,,,,6
Sheffield Stand,-6.244124919,53.33894527,317007.641,233489.878,Mount street lower opposite new mount house,6,High,40,150,High,High,Low,All,Good,Adjacent & Visible,,,,,,,,,9
Sheffield Stand,-6.258493513,53.34681028,316029.285,234341.669,D'Oliver street,5,High,100,150,High,High,Low,All,Good,Visible,,,,,,,,,6
Sheffield Stand,-6.252858192,53.35146871,316391.857,234869.239,Foley street outside dance Irelamd,2,High,25,150,Medium,High,Low,All,Good,Unknown,,,,,,,,,3
Stainless Steel Curved,-6.235854328,53.34555893,317540.3,234239.439,Blood stone road,4,High,,150,Medium,High,Low,All,Good,Unknown,Yes,Yes,Yes,Yes,Yes,Yes,Yes,Yes,6
Stainless Steel Curved,-6.24304533,53.34893742,317052.173,234603.592,Mayor square outside Snap and national college of Ireland.,12,High,60,150,High,High,Low,All,Good,Visible,,,,Yes,Yes,,,,18
Stainless Steel Curved,-6.263821721,53.34194797,315687.634,233791.936,"Fade street, outside the rage record store",3,High,85,150,Medium,High,Low,All,Good,Visible,,,,,,,,,5
Sheffield Stand,-6.255581975,53.33800839,316247.108,233366.911,Hume street,7,High,40,125,High,High,Low,All,Good,Visible,,,,,,,,,9
Sheffield Stand,-6.267700195,53.34936332,315409.302,234610.858,Wolfe tone street,5,High,0,120,Medium,High,Low,,Good,Visible,,,Yes,,,,,,6
Sheffield Stand,-6.26718387,53.34796313,315447.466,234455.876,Wolfe tone street outside AXA office,7,High,50,120,High,High,Low,All,Good,Unknown,,,,,,,,,10
Railing,-6.261603534,53.34194076,315835.383,233794.729,Coppinger row ,4,High,50,100,High,High,Low,All,Good,Unknown,,,,,,,,,4
Railing,-6.258242726,53.34913596,316039.668,234600.883,Saclville Place,7,High,7,100,Medium,High,Low,All,Good,Unknown,,,,,,,,,7
Railing,-6.26198709,53.34380633,315804.783,234001.712,Trinity street,4,Medium,50,100,Medium,High,Low,All,Good,Unknown,,,,,,,,,4
Sheffield Stand,-6.242224574,53.3428079,317123.625,233922.833,Pearce street opposite parser square,4,High,50,100,High,High,Low,All,Good,Visible,,,,,,,,,4
Sheffield Stand,-6.267755181,53.350079,315403.707,234690.411,Parnell street outside cineworld.,7,High,50,100,High,High,Low,All,Good,Adjacent & Visible,,,,,,,Yes,,7
Sheffield Stand,-6.256624013,53.34880213,316148.363,234566.365,"Abbey Street Lower, outside Abbey Theatre.",11,High,0,100,,High,Low,All,Good,Unknown,,,,Yes,,,,,11
Sheffield Stand,-6.255399585,53.34901748,316229.309,234592.322,Abbey Street Lower outside Beresford Court.,8,High,5,100,High,High,Low,All,Good,Unknown,,,,,,,,,8
Sheffield Stand,-6.256809086,53.34580232,316144.193,234232.239,Pearce street and Townsend street,20,High,90,100,High,High,Low,All,Good,Visible,,,,,,,,,20
Sheffield Stand,-6.260926276,53.3398373,315886.191,233561.751,"Stephens green, in front of beneton shop",15,High,90,100,High,High,Low,All,Good,Visible,Yes,Yes,Yes,Yes,Yes,Yes,Yes,Yes,15
Sheffield Stand,-6.227487177,53.34842026,318089.587,234571.656,East wall road outside the O2 ,18,High,,100,Medium,High,Low,All,Good,Visible,,,,Yes,,,Yes,,18
Sheffield Stand,-6.261851639,53.34615699,315807.433,234263.518,"Bedford row, beside Ladbrokes",4,High,20,100,High,High,Low,All,Good,Visible,,,,,,,,,4
Sheffield Stand,-6.2569727,53.35029835,316121.077,234732.301,Talbot Street outside Carrolls shop,4,High,13,100,High,High,Low,All,Good,Unknown,,,,,,,,,4
Sheffield Stand,-6.259736717,53.34583434,315949.146,234231.045,"Fleet Street, outside TGI restaurant.",4,High,35,100,High,High,Low,All,Good,Unknown,,,,,,,,,4
Sheffield Stand,-6.262689829,53.34607693,315751.832,234253.25,"Aston quay, outside house of colour",4,High,40,100,High,High,Low,All,Good,Unknown,,,,,,,,,4
Sheffield Stand,-6.262397468,53.3327959,315807.281,232775.783,Harcourt street outside Starbucks ,17,High,110,100,High,High,Low,All,Good,Unknown,Yes,Yes,Yes,Yes,Yes,Yes,Yes,Yes,17
Sheffield Stand,-6.269115061,53.33779779,315346.302,233321.534,"New bride street , Infront of small green",5,High,0,100,High,High,Low,,Good,Visible,,,Yes,,Yes,,,,5
Sheffield Stand,-6.243086904,53.33666389,317083.026,233237.703,Mount street ctescent,7,High,20,100,Medium,High,Low,All,Good,Visible,,,,,,,,,7
Sheffield Stand,-6.254668683,53.34915197,316277.613,234608.478,Beresford Place median,3,High,0,100,High,High,Low,All,Fair,Unknown,Yes,Yes,Yes,Yes,Yes,Yes,Yes,Yes,3
Sheffield Stand,-6.266076118,53.33774334,315548.86,233320.387,Kevin's street outside o haras pharmacy,5,High,80,100,High,High,Low,All,Good,Adjacent & Visible,Yes,Yes,Yes,Yes,Yes,Yes,Yes,Yes,5
Sheffield Stand,-6.260073334,53.36081366,315886.087,235897.431,Dorset street outside gaa ticket office ,5,High,20,100,High,High,Low,All,Good,Adjacent & Visible,,,,,,,,,6
Sheffield Stand,-6.265628189,53.33737258,315579.697,233279.852,"Wexford street, Infront of mega bikes.",3,High,15,100,High,High,Low,All,Good,Adjacent & Visible,Yes,Yes,Yes,Yes,Yes,Yes,Yes,Yes,3
Sheffield Stand,-6.265334487,53.33563406,315603.961,233086.862,"Camden street lower, outside ulster bank",2,High,50,100,High,High,High,All,Good,Adjacent & Visible,Yes,Yes,Yes,Yes,Yes,Yes,Yes,Yes,2
Sheffield Stand,-6.256683022,53.35602898,316124.787,235370.489,Mountjoy square south outside dit,9,High,25,100,Medium,High,Low,All,Good,Unknown,,,,,,,,,9
Sheffield Stand,-6.26425758,53.34045385,315662.65,233624.961,"Noel Purcell Walk, Infront of beaux lane house",25,High,50,100,Medium,High,Low,All,Good,Unknown,,,,,,,,,25
Sheffield Stand,-6.26260668,53.34104558,315770.999,233693.485,"Chatham road, outside Mao restaurant",6,High,50,100,High,High,Low,All,Good,Unknown,,,,,,,,,6
Sheffield Stand,-6.263074726,53.34134584,315739.014,233726.14,"William street south, outside dada restautsnt",5,High,100,100,High,High,Low,All,Good,Unknown,Yes,Yes,Yes,Yes,Yes,Yes,Yes,Yes,5
Sheffield Stand,-6.261555254,53.34365901,315833.941,233986.018,Saint Andrew street,3,High,100,100,High,High,Low,All,Good,Unknown,Yes,Yes,Yes,Yes,Yes,Yes,Yes,Yes,3
Sheffield Stand,-6.264543235,53.34274625,315637.422,233879.602,"South George's street, outside Diwali",5,High,80,100,High,High,Low,All,Good,Visible,Yes,Yes,Yes,Yes,Yes,Yes,Yes,Yes,5
Sheffield Stand,-6.264674664,53.34206327,315630.517,233803.386,"George's street, outside Hogans pub",3,High,100,100,High,High,Low,All,Good,Adjacent & Visible,Yes,Yes,Yes,Yes,Yes,Yes,Yes,Yes,3
Sheffield Stand,-6.269145906,53.35812925,315289.375,235584.016,Berkeley road outside Berkeley wash,4,High,20,100,Medium,High,Low,All,Good,Adjacent & Visible,,,,,,,,,4
Sheffield Stand,-6.26068756,53.35209391,315868.85,234926.08,Cathal Brugha street outside the Irish aid office,9,High,100,100,High,High,Low,All,Good,,,,,,,,,,9
Sheffield Stand,-6.290507019,53.33420699,313931.045,232887.606,Cork street,6,High,15,100,High,High,Low,All,Good,Adjacent & Visible,Yes,Yes,Yes,Yes,Yes,Yes,Yes,Yes,6
Sheffield Stand,-6.265275478,53.33621064,315606.332,233151.12,"Camden street lower, Infront of icon health store. ",6,High,15,100,High,High,Low,All,Good,Adjacent & Visible,Yes,Yes,Yes,Yes,Yes,Yes,Yes,Yes,6
Sheffield Stand,-6.262984872,53.34294562,315740.665,233904.313,"Drury street, outside Carousel",3,High,100,100,High,High,Low,All,Good,Unknown,Yes,Yes,Yes,Yes,Yes,Yes,Yes,Yes,3
Sheffield Stand,-6.263002306,53.34274225,315740.055,233881.653,Drury street outside Irish design shop,9,High,100,100,High,High,Low,All,Good,Unknown,Yes,Yes,Yes,Yes,Yes,Yes,Yes,Yes,9
Sheffield Stand,-6.255485415,53.33438318,316263.399,232963.648,"End of Hatch street lower, both sides of the road, outside cafe sol",11,High,85,100,Medium,High,Low,All,Good,Visible,,,,,,,,,11
Sheffield Stand,-6.25756681,53.33374331,316126.494,232889.056,Hatch street lower,4,High,90,100,Medium,High,Low,All,Good,Visible,,,,,,,,,4
Sheffield Stand,-6.264339387,53.34348527,315648.998,233962.172,"George's street, opposite Dublin business school",4,High,80,100,High,High,Low,All,Good,Adjacent & Visible,,,,,,,,,4
Sheffield Stand,-6.266876757,53.34402251,315478.565,234017.851,Open square beside Dublin City hall,11,High,85,100,High,High,Low,All,Good,Visible,Yes,Yes,Yes,Yes,Yes,Yes,Yes,Yes,11
Sheffield Stand,-6.26842171,53.34736269,315366.659,234387.057,Capel street outside spar,3,High,90,100,Medium,High,Low,All,Good,Unknown,Yes,Yes,Yes,Yes,Yes,Yes,Yes,Yes,3
Sheffield Stand,-6.267835647,53.34653888,315407.911,234296.329,"Great strand street, outside pantibar",3,High,100,100,High,High,Low,All,Good,Unknown,,,,,,,,,3
Sheffield Stand,-6.268506199,53.34472227,315368.162,234093.089,"Essex street west, outside the gaiety school of acting.",3,High,50,100,High,Medium,Low,,Good,Unknown,,,,,Yes,,,,3
Sheffield Stand,-6.267154366,53.34537639,315456.42,234168.065,Wellington quay,6,High,12,100,High,Low,Low,All,Good,Unknown,,,,,Yes,,,,6
Sheffield Stand,-6.272738725,53.34685272,315080.56,234323.341,Four courts luas stop,11,High,0,100,Medium,High,Low,All,Good,Unknown,,,,,,,,,11
Sheffield Stand,-6.257389784,53.34818009,316099.061,234495.898,Marlborough street,4,High,37,100,High,High,Low,All,Good,Visible,,,,,,,,,4
Sheffield Stand,-6.28135398,53.34313377,314516.822,233895.639,Thomas street across from the hill top bar,3,High,0,100,High,High,Low,All,Good,Adjacent & Visible,,,,,,,,,3
Sheffield Stand,-6.275115162,53.34155082,314936.568,233729.506,Francis street opposite the liberty bell pub,4,High,15,100,Medium,High,Low,All,Good,Unknown,,,,,,,,,4
Sheffield Stand,-6.275891662,53.34326188,314880.254,233918.668,Cornmarket street outside farrow and ball,3,High,50,100,High,High,Low,All,Good,Adjacent & Visible,,,,,,,,,3
Sheffield Stand,-6.275187582,53.3480536,314914.257,234453.035,May lane outside Hanley at the bar,8,High,90,100,,High,Low,All,Good,Visible,,,,,,,,,8
Sheffield Stand,-6.270484328,53.35087553,315219.835,234774.644,North kings street outside centra,4,High,25,100,High,High,Low,All,Good,Adjacent & Visible,,,,,,,,,4
Sheffield Stand,-6.260164529,53.35221318,315903.351,234940.202,Cathal Brugha Street outside the Living Room pub,14,High,90,100,High,High,Low,All,Good,Unknown,,,,,,,,,14
Sheffield Stand,-6.267481595,53.34471186,315436.423,234093.586,Parliament street outside paramount hotel,5,High,15,100,High,High,Low,All,Good,,,,,,,,,,5
Sheffield Stand,-6.267346144,53.34468624,315445.513,234090.954,Parliament street outside spar shop,5,High,60,100,High,High,Low,All,Good,Visible,Yes,Yes,Yes,Yes,Yes,Yes,Yes,Yes,5
Sheffield Stand,-6.264945567,53.34561337,315602.871,234198.01,"Eustace street, outside the Italian corner restaurant",4,High,85,100,,High,Low,All,Good,Visible,,,,,,,,,4
Sheffield Stand,-6.264374256,53.34549008,315641.25,234185.215,"Essex street, outside the shack restaurant.",5,High,50,100,High,High,Low,,Good,Unknown,,,,,,,,,5
Sheffield Stand,-6.26306802,53.34492803,315729.759,234124.785,"Cope street, behind central bank",7,High,75,100,Medium,High,Low,,Good,Unknown,,,,,,,,,7
Sheffield Stand,-6.262601316,53.34562138,315758.961,234202.699,"Temple bar, outside Rory's fishing shop.",4,High,85,100,Medium,High,Low,All,Good,Unknown,,,,,,,,,4
Sheffield Stand,-6.260741204,53.34577029,315882.428,234222.287,"Fleet Street, outside hard rock cafe",3,High,50,100,High,High,Low,All,Good,Unknown,,,,,,,,,3
Sheffield Stand,-6.25832051,53.34702084,316040.233,234365.381,Burgh quay,2,High,50,100,High,High,Low,All,Good,Adjacent & Visible,Yes,Yes,Yes,Yes,Yes,Yes,Yes,Yes,2
Sheffield Stand,-6.290792674,53.33423022,313911.955,232889.735,Cork street,3,Medium,33,100,Medium,High,Low,All,Good,Visible,,,,,,,,,3
Sheffield Stand,-6.259278059,53.34617781,315978.757,234270.012,"Westmorleland street, outside Bewleys",4,High,75,100,High,High,Low,All,Good,Visible,,,,,,,,,4
Sheffield Stand,-6.271794587,53.34257811,315154.95,233849.174,Christchurch square,4,High,40,100,High,High,Low,All,Good,Adjacent & Visible,,,,,,,,,4
Sheffield Stand,-6.277763844,53.34286315,314756.643,233871.286,Thomas street outside st johns priory,9,High,33,100,High,High,Low,All,Good,Visible,,,,,,,,,9
Sheffield Stand,-6.272678375,53.34495686,315089.685,234112.463,Merchants quay,4,High,,100,High,High,Low,All,Good,Adjacent & Visible,,,,,,,,,4
Sheffield Stand,-6.294609457,53.34817688,313620.631,234435.677,Parkgate street outside Landis\subwau,3,High,50,100,High,High,Low,All,Good,Visible,,,,,,,,,3
Sheffield Stand,-6.26865238,53.34804559,315349.455,234462.679,"Capel street, outside mcQuillan tools",6,High,75,100,,High,Low,All,Good,Unknown,,,,,,,,,6
Sheffield Stand,-6.250543445,53.33552355,316589.477,233098.606,Fitzwilliam street upper,4,High,,100,High,High,Low,All,Good,Unknown,,,,,,,,,4
Sheffield Stand,-6.248227358,53.33788988,316737.287,233365.719,Fitzwilliam street lower,4,High,50,100,High,High,Low,All,Good,Visible,,,,,,,,,4
Sheffield Stand,-6.248077154,53.33777617,316747.602,233353.311,Fitzwilliam street lower,6,High,25,100,High,High,Low,All,Good,Visible,,,,,,,,,6
Sheffield Stand,-6.274377555,53.35003177,314962.874,234674.474,Church street Londis,4,High,50,100,High,High,Low,All,Good,Adjacent & Visible,,,,,,,,,4
Sheffield Stand,-6.277834922,53.34944898,314734.224,234604.059,Top of Smithfield,6,High,25,100,Medium,High,Low,All,Good,Unknown,,,,,,,,,6
Sheffield Stand,-6.251549274,53.33571254,316521.965,233117.996,Fitzwilliam square north,7,High,50,100,Medium,High,Low,All,Good,Unknown,,,,,,,,,7
Sheffield Stand,-6.285188198,53.35308412,314234.867,234996.798,Manor street,6,High,20,100,High,High,Low,All,Good,Adjacent & Visible,,,,,,,,,6
Sheffield Stand,-6.263397932,53.34801997,315699.416,234468.328,Middle abbey street across the road from the Gin Palace  pub,5,High,70,100,,High,Low,,Good,Unknown,,,,,,,,,5
Sheffield Stand,-6.265190989,53.33592955,315612.72,233119.977,"Camden street, Infront of great deals store.",6,High,0,100,High,High,Low,All,Good,Adjacent & Visible,Yes,Yes,Yes,Yes,Yes,Yes,Yes,Yes,6
Sheffield Stand,-6.269591153,53.35858467,315258.504,235633.978,Berkeley road outside post office,2,High,25,100,Medium,High,Low,All,Good,Adjacent & Visible,,,,,,,,,2
Sheffield Stand,-6.264034957,53.34852353,315655.634,234523.334,Liffey street outside entrance to Arnotts.,8,High,90,100,High,High,Low,All,Good,Unknown,,,,,,,,,8
Sheffield Stand,-6.244546026,53.33702184,316984.858,233275.145,Mount street uppwr,7,High,25,100,,High,Low,All,Good,Unknown,,,,,,,,,7
Sheffield Stand,-6.258653104,53.33091783,316061.804,232572.865,Charlemont place beside luas station ,9,High,80,100,Medium,High,Low,All,Good,Adjacent & Visible,,,,Yes,,,,,9
Stainless Steel Curved,-6.238808781,53.34258852,317351.711,233904.027,Grand canal docks,5,High,90,100,Medium,High,Low,All,Good,Visible,,,,,,,,,5
Stainless Steel Curved,-6.239453852,53.34532995,317301.225,234208.039,Admiral brown street,6,High,90,100,Medium,High,Low,All,Good,Unknown,,,,,,,,,6
Stainless Steel Curved,-6.238279045,53.34498248,317380.414,234171.302,All along Forbes street,12,High,15,100,Medium,High,Low,All,Good,Unknown,,,,,,,,,12
Stainless Steel Curved,-6.235983074,53.3450089,317533.24,234178.018,Blood stone /road horse fair intersection,12,High,15,100,Medium,High,Low,All,Good,Unknown,,,,,,,,,12
Stainless Steel Curved,-6.235950887,53.34507375,317535.205,234185.288,A'll along bood stone road,12,High,35,100,Medium,High,Low,All,Good,Unknown,,,,,,,,,12
Stainless Steel Curved,-6.238179803,53.34482395,317387.459,234153.824,All along Forbes street,12,High,25,100,Medium,High,Low,All,Good,Unknown,,,,,,,,,12
Stainless Steel Curved,-6.264417171,53.34207047,315647.646,233804.604,"Fade street, outside hogans bar",3,High,100,100,Medium,Medium,Low,All,Good,Visible,,,,,,,,,3
Stainless Steel Curved,-6.233445704,53.34433076,317704.081,234106.733,Benson street,8,High,50,100,Medium,High,Low,All,Good,Unknown,,,,,,,,,8
Stainless Steel Curved,-6.236972809,53.34497847,317467.413,234173.004,Horse fair,8,High,75,100,Medium,High,Low,All,Good,Unknown,,,,,,,,,8
Sheffield Stand,-6.287840903,53.35609622,314050.203,235327.753,Prussia street,4,High,0,75,High,High,Low,All,Good,Visible,,,,,,,,,3
Sheffield Stand,-6.262051463,53.3428119,315803.19,233890.945,"Start of South William street, outside jewl in the crown",7,High,75,75,High,High,Low,All,Good,Unknown,,,,,,,,,5
Sheffield Stand,-6.26450032,53.35301127,315612.501,235021.986, Parnell square west outside the rotunda hospital ,8,High,0,75,High,High,Low,All,Good,Unknown,,,,,,,,,6
Sheffield Stand,-6.290662587,53.34183507,313900.354,233736.23,,4,High,0,75,,High,Low,,Good,,,,Yes,,,,,,3
Sheffield Stand,-6.279795617,53.34779341,314608.107,234416.675,"Queen street, probation service ",10,Medium,15,75,Medium,High,Low,All,Good,Unknown,,,,,,,,,7
Sheffield Stand,-6.270240247,53.34315219,315256.918,233915.567,"Christ church place, outside sunny's newsagent",6,High,50,70,High,High,Low,All,Good,Adjacent & Visible,Yes,,,,,,,,4
Sheffield Stand,-6.265384108,53.33649172,315598.337,233182.223,"Wexford street, outside solo clothes shop.",3,High,65,66,High,High,Low,All,Good,Adjacent & Visible,Yes,Yes,Yes,Yes,Yes,Yes,Yes,Yes,2
Sheffield Stand,-6.276079416,53.34295923,314868.564,233884.686,Francis street outside reillys pharmacy ,3,High,85,66,Medium,High,Low,All,Good,Visible,,,,,,,,,2
Sheffield Stand,-6.293238848,53.34612577,313717.358,234209.605,Houston train station,8,High,50,65,High,High,Low,All,Good,Adjacent & Visible,,,,Yes,,,,,6
Sheffield Stand,-6.251306534,53.33771531,316532.673,233341.264,"Top of baggot street lower, end of pembroke street lower",5,High,90,60,High,High,Low,All,Good,Unknown,,,,,,,,,3
Sheffield Stand,-6.264303178,53.34296563,315652.815,233904.404,"Edge of exchequer street, outside pharmacy and rustic stone",13,High,90,60,High,High,Low,All,Good,Visible,Yes,Yes,Yes,Yes,Yes,Yes,Yes,Yes,7
Sheffield Stand,-6.267253608,53.34496807,315450.914,234122.466,"Essex street, outside zaytoon",4,High,85,60,High,High,Low,,Good,,,,Yes,,,,,Yes,2
Sheffield Stand,-6.26409933,53.3442603,315662.887,234048.808,"Dame street,  outside Nico's restaurant",5,High,100,60,High,High,Low,All,Good,Visible,,,,,,,,,3
Sheffield Stand,-6.260648668,53.34896464,315879.927,234577.911,"Prince's street north, outside penny's.",5,High,100,60,High,High,Low,All,Good,Visible,,,,,,,,,3
Sheffield Stand,-6.252918541,53.34181265,316414.144,233794.595,Leinster street south outside TCD Leinster street,5,High,100,60,High,High,Low,All,Good,Unknown,,,,,,,,,3
Railing,-6.266168654,53.33863779,315540.279,233419.773,Aungier street outside DIT,4,High,30,50,High,High,High,All,Good,Adjacent & Visible,Yes,Yes,Yes,Yes,Yes,Yes,Yes,Yes,2
Railing,-6.267496347,53.34391522,315437.593,234004.91,Start of castle street,4,High,25,50,High,High,Low,All,Good,Visible,,,,,,,,,2
Railing,-6.258029491,53.34132903,316075.072,233732.458,"Molesworth street, ",4,High,90,50,Medium,High,Low,All,Good,Unknown,,,,,,,,,2
Sheffield Stand,-6.265747547,53.35051289,315536.215,234741.942,Parnell Streer outside Aldi,11,High,65,50,High,High,Low,All,Good,Adjacent & Visible,,Yes,,,,,Yes,,8
Sheffield Stand,-6.260790825,53.34894062,315870.526,234575.007,"Prince's street north, outside penny's",18,High,100,50,High,High,Low,All,Good,Visible,,,,,,,,,9
Sheffield Stand,-6.250971258,53.35126939,316518.041,234850.136,Talbot street outside wake cup,12,High,25,50,Medium,High,Low,All,Good,Unknown,,,,,,,,,6
Sheffield Stand,-6.269926429,53.35090915,315256.892,234779.286,"Capel Street, outside The Horse Shoe shop",6,High,79,50,High,High,Low,,Good,Visible,,Yes,,,Yes,,,,3
Sheffield Stand,-6.263267845,53.35177931,315697.898,234886.887,Parnell street outside king fisher restraunt.,4,High,80,50,High,High,Low,All,Good,Adjacent & Visible,,,,,,,,,2
Sheffield Stand,-6.263511926,53.34102076,315710.776,233689.256,"Johnstone place, outside pharmacy",6,High,92,50,High,High,Low,All,Good,Visible,,,,,,,,,3
Sheffield Stand,-6.265024692,53.33286797,315632.078,232779.547,"Camden street upper, outside damascus gate restaurant ",8,High,50,50,High,High,Low,All,Good,Visible,Yes,Yes,Yes,Yes,Yes,Yes,Yes,Yes,4
Sheffield Stand,-6.262032688,53.34383996,315801.655,234005.381,"Trinity street, outside jack jones shop",4,High,100,50,Medium,High,Low,All,Good,Unknown,,,,,,,,,2
Sheffield Stand,-6.263313442,53.34680228,315708.34,234332.958,"End of Liffey street lower, outside the grand social",4,High,90,50,High,High,Low,All,Good,Visible,,,,,,,,,2
Sheffield Stand,-6.272449046,53.33910542,315120.718,233461.67,End of Patricia street outside spar,5,High,20,50,High,High,Low,All,Good,Adjacent & Visible,,,,,,,,,3
Sheffield Stand,-6.269899607,53.34332353,315279.141,233935.184,"Start of westborough street, beside the butchers bar",14,High,30,50,High,High,Medium,All,Good,Adjacent & Visible,Yes,Yes,Yes,Yes,Yes,Yes,Yes,Yes,14
Sheffield Stand,-6.29202649,53.34690716,313796.011,234298.491,Heuston Luas stop,16,High,70,50,High,High,Medium,All,Good,Visible,Yes,Yes,Yes,Yes,Yes,Yes,Yes,Yes,8
Sheffield Stand,-6.288935244,53.34351569,314010.91,233926.01,James street outside McCanns pub,3,High,15,50,High,High,Low,All,Good,Adjacent & Visible,,,,,,,,,2
Sheffield Stand,-6.280841678,53.34319623,314550.773,233903.411,Thomas street outside Massey bros funeral home,4,High,50,50,High,High,Low,All,Good,Adjacent & Visible,,,,,,,,,2
Sheffield Stand,-6.265047491,53.34538679,315596.696,234172.631,"Essex street east, outside costa cafe.",8,High,65,50,High,High,Low,,Good,,,Yes,Yes,,,,,,4
Sheffield Stand,-6.264875829,53.34536358,315608.191,234170.326,"Eustace street, outside the orseman pub",4,High,90,50,High,High,Low,,Good,Unknown,,,,,,,,,2
Sheffield Stand,-6.263965219,53.3450073,315669.796,234132.153,"Cecilia street, outside temple lane recording studios",8,High,100,50,Medium,High,Low,All,Good,,,,,,,,,,4
Sheffield Stand,-6.263536066,53.3450113,315698.364,234133.293,"Cecilia street, outside luigi malones restaurant",4,High,50,50,Medium,High,Low,All,Good,Unknown,,,,,,,,,2
Sheffield Stand,-6.261535138,53.34571905,315829.696,234215.297,"Fleet Street, across from thunder road cafe",8,High,10,50,High,High,Low,,Good,Unknown,,,,,,,,,4
Sheffield Stand,-6.295009106,53.34846509,313593.252,234467.114,Infirmary road,7,High,40,50,High,High,Low,All,Good,Visible,,,,,,,,,4
Sheffield Stand,-6.262722015,53.34809683,315744.217,234477.977,Middle abbey street outside arnotts.,4,High,40,50,High,High,Low,All,Good,Visible,,,,,,,,,2
Sheffield Stand,-6.264595538,53.34786626,315620.084,234449.284,Upper abbey street near the Jervia Luas stop.,3,High,16,50,High,High,Low,,Good,,,,,Yes,,,,,2
Sheffield Stand,-6.252361983,53.35108127,316425.953,234826.933,Talbot street across the road from Paddy Power,9,High,20,50,,Low,Medium,All,Good,,,,,,,,,,5
Stainless Steel Curved,-6.238356829,53.34462059,317376.228,234130.903,Top of Forbes street,4,High,60,50,Medium,High,Low,All,Good,Unknown,,,,,,,,,3
Stainless Steel Curved,-6.236162782,53.3446302,317522.314,234135.58,All along blood stone road,12,High,20,50,Medium,High,Low,All,Good,Unknown,,,,,,,,,6
Stainless Steel Curved,-6.266330928,53.3602014,315471.177,235819.159,North Circular road outside Matter hospital. ,25,High,20,45,High,High,Low,All,Good,Adjacent & Visible,,,,,,,,,12
Sheffield Stand,-6.267299205,53.35003097,315434.199,234685.804,Parnell street outside Jervis medical centre,5,High,20,40,High,High,Low,,Good,Adjacent & Visible,,,,,,,,,2
Sheffield Stand,-6.270107478,53.34501931,315260.724,234123.558,"Wood quay, outside DCC",5,High,20,40,High,High,Low,,Good,Unknown,,,,,,,,,2
Sheffield Stand,-6.257431358,53.34837783,316095.756,234517.835,Start of marborough street outside the abbey theatre,5,High,60,40,Medium,High,Low,All,Good,Visible,,,,,,,,,2
Sheffield Stand,-6.271288991,53.34610495,315179.115,234242.465,Ormond square,3,High,0,33,Medium,High,Low,,Good,Unknown,,,Yes,,,,,,1
Sheffield Stand,-6.263249069,53.34238835,315724.58,233841.871,"Drury street, outside George's st. arcade",8,High,100,33,High,High,Low,All,Good,Unknown,Yes,Yes,Yes,Yes,Yes,Yes,Yes,Yes,2
Sheffield Stand,-6.237128377,53.34872687,317446.749,234589.876,Sponsor Dock Luas station,34,High,10,30,Medium,High,Medium,All,Good,Unknown,,,,Yes,,,,,10
Sheffield Stand,-6.296098083,53.34829617,313521.186,234446.584,Outside criminal courts of justice,42,High,15,30,High,High,Medium,All,Good,Visible,Yes,Yes,Yes,Yes,Yes,Yes,Yes,Yes,12
Sheffield Stand,-6.297288984,53.3466958,313446.134,234266.598,"Houston station,",166,High,50,25,Medium,High,Medium,,Good,Unknown,,,,Yes,,,,,40
Sheffield Stand,-6.257094741,53.34794472,316119.348,234470.185,Eden quay,10,High,35,20,High,High,Low,All,Good,Visible,,,,,,,,,2
Sheffield Stand,-6.262814552,53.34105679,315757.124,233694.396,"Chatham road, outside DIT music and drama",4,High,50,20,High,High,Low,,Good,,,,,,,,,,1
Sheffield Stand,-6.265170872,53.35093077,315573.483,234789.378,Parnell street outside cycleways. ,11,High,70,10,High,High,Low,All,Good,Adjacent & Visible,,,,,,,,,1
Sheffield Stand,-6.259318292,53.34330432,315983.877,233950.178,Bottom of grafton streer,10,High,100,10,High,High,Low,All,Good,Unknown,Yes,Yes,Yes,Yes,Yes,Yes,Yes,Yes,1
Sheffield Stand,-6.247524619,53.3359728,316789.331,233153.532,Baggot street lower outside tailored finance.,5,High,0,10,High,High,Low,All,Good,Visible,,,,,,,,,1
Sheffield Stand,-6.267343462,53.34503372,315444.753,234129.627,"Essex street, outside the porterhouse pub",4,High,100,0,High,High,Low,,Good,Unknown,,,,,,,Yes,Yes,0
Sheffield Stand,-6.265596002,53.33655017,315584.065,233188.385,"Wexford street, in front of whelans off licence",3,High,65,0,High,High,Low,All,Good,Adjacent & Visible,Yes,Yes,Yes,Yes,Yes,Yes,Yes,Yes,0
Sheffield Stand,-6.26895681,53.34913196,315326.251,234583.081,Capel street outside codys of Capel Street.,2,High,100,0,High,High,Low,All,Good,Visible,,,,,,,,,0
Sheffield Stand,-6.266548187,53.35023351,315483.659,234709.557,Parnell street across the road from Euro Giant shop,2,High,100,0,,High,Low,,Good,Adjacent & Visible,,,,,,,,,0
Sheffield Stand,-6.258189082,53.35024071,316040.24,234723.909,Marlborough Street outside Spar shop,5,High,60,0,High,High,Low,All,Good,Unknown,,,,,,,,,0
Sheffield Stand,-6.249909103,53.35103243,316589.41,234825.5,Amiens Street at Luas station,8,High,40,0,High,High,High,,Good,Unknown,,,,Yes,,,,,0
Sheffield Stand,-6.265365332,53.33578381,315601.502,233103.476,"Camden street, outside penny farthing cycles",2,High,25,0,High,High,Low,All,Good,Adjacent & Visible,Yes,Yes,Yes,Yes,Yes,Yes,Yes,Yes,0
Sheffield Stand,-6.265102476,53.33561404,315619.469,233085.009,"Camden street lower, outside tommy Moore jewellers",2,High,75,0,High,High,High,All,Good,Adjacent & Visible,Yes,Yes,Yes,Yes,Yes,Yes,Yes,Yes,0
Sheffield Stand,-6.261722893,53.35282476,315797.933,235005.731,Cavendish road outside the Ambassador theatre.,13,High,50,0,High,High,Low,All,Good,Visible,,,,,,,,,0
Sheffield Stand,-6.252375394,53.34952263,316429.307,234653.463,Beresford Place Infront of Busaras.,10,High,39,0,,High,Low,,Good,Unknown,Yes,,Yes,Yes,,,,,0
Sheffield Stand,-6.257043779,53.34728023,316124.547,234396.322,"Burgh quay, outside Jaffa deli",10,High,20,0,High,High,Low,All,Good,Adjacent & Visible,Yes,Yes,Yes,Yes,Yes,Yes,Yes,Yes,0
Sheffield Stand,-6.257368326,53.34717936,316103.209,234384.569,"Hawkins street, outside PCI college",8,High,70,0,High,High,Low,All,Good,Visible,Yes,Yes,Yes,Yes,Yes,Yes,Yes,Yes,0
Sheffield Stand,-6.259280741,53.34530433,315980.949,234172.805,"Westmoreland street, outside fexco",4,High,100,0,High,High,Low,All,Good,,,,,,,,,,0
Sheffield Stand,-6.25984937,53.34428192,315945.856,234058.105,"College green, outside dubarry of Ireland shop",12,Medium,95,0,High,High,Low,All,Good,,,,,,,,,,0
Sheffield Stand,-6.254621744,53.35223079,316272.359,234951.172,Mabbot lane,6,High,0,0,Medium,Medium,Low,,Good,Unknown,Yes,,Yes,,,,,,0
Hoops,-6.263420731,53.33592875,315730.637,233122.755,,,High,,,High,High,High,All,Good,Adjacent & Visible,Yes,Yes,Yes,Yes,Yes,Yes,Yes,Yes,
Hoops,-6.265754253,53.33960508,315565.264,233528.086,,,High,,,,,,,,,,,,,,,,,
Hoops,-6.261592805,53.34363419,315831.507,233983.195,,,High,,,,,,,,,,,,,,,,,
Hoops,-6.263879389,53.35145831,315658.048,234850.175,Parnell Street outside Centra,,High,,,,High,Low,,Good,,,,,,,,,,
Hoops,-6.265408248,53.34110643,315584.249,233695.719,,,High,,,,High,Low,,Good,,,,,,,,,,
Hoops,-6.265803874,53.34514581,315546.977,234144.59,,,High,,,,High,Low,,Good,,,,,,,,,,
Hoops,-6.265716702,53.34523708,315552.536,234154.888,,,High,,,,High,Low,,Good,,,,,,,,,,
Hoops,-6.26422137,53.34497847,315652.816,234128.53,,,High,,,,High,Low,,Good,,,,,,,,,,
Hoops,-6.251496971,53.33775535,316519.88,233345.409,,,High,,,,High,Low,,Good,,,,,,,,,,
Hoops,-6.266094893,53.35038881,315513.422,234727.572,,,High,,,,High,Low,,Good,,,,,,,,,,
Hoops,-6.280289143,53.3472354,314576.739,234353.786,,,High,,,,High,Low,,Good,,,,,,,,,,
Hoops,-6.250061989,53.33728289,316616.747,233295.175,,,High,,,,High,Low,,Good,,,,,,,,,,
Hoops,-6.247862577,53.33837834,316760.249,233420.672,,,High,,,,High,Low,,Good,,,,,,,,,,
Hoops,-6.252391487,53.33794353,316459.788,233364.891,,,High,,,,High,Low,,Good,,,,,,,,,,
Hoops,-6.253306121,53.3381221,316398.382,233383.272,,,High,,,,High,Low,,Good,,,,,,,,,,
Hoops,-6.261253506,53.33945615,315865.43,233518.805,,1,High,50,,High,High,High,All,Good,Adjacent & Visible,Yes,Yes,Yes,Yes,Yes,Yes,Yes,Yes,
Hoops,-6.261083186,53.33967315,315876.185,233543.229,,,High,,,High,High,High,All,Good,Adjacent & Visible,Yes,Yes,Yes,Yes,Yes,Yes,Yes,Yes,
Hoops,-6.25698477,53.33909421,316150.724,233485.461,,,High,,,,High,Low,,Good,,,,,,,,,,
Hoops,-6.261006743,53.33977164,315881.01,233554.313,,,High,,,High,High,High,All,Good,Adjacent & Visible,Yes,Yes,Yes,Yes,Yes,Yes,Yes,Yes,
Hoops,-6.266705096,53.34502571,315487.286,234129.767,,,High,,,,High,Low,,Good,,,,,,,,,,
Hoops,-6.249659657,53.34338438,316626.893,233974.817,,,High,,,,High,Low,,Good,,,,,,,,,,
Hoops,-6.280277073,53.34703925,314578.069,234331.977,,,High,,,,High,Low,,Good,,,,,,,,,,
Hoops,-6.2667346,53.34885416,315474.974,234555.758,,,High,,,,High,Low,,Good,,,,,,,,,,
Hoops,-6.260680854,53.34570624,315886.62,234215.257,,,High,,,,High,Low,,Good,,,,,,,,,,
Hoops,-6.26025036,53.34573587,315915.208,234219.253,,,High,,,,High,Low,,Good,,,,,,,,,,
Hoops,-6.259184182,53.34787667,315980.397,234459.217,,,High,,,,High,Low,,Good,,,,,,,,,,
Hoops,-6.26599431,53.34688074,315529.605,234337.349,,,High,,,,High,Low,,Good,,,,,,,,,,
Hoops,-6.255045533,53.3514511,316246.263,234863.717,,,High,,,,High,Low,,Good,,,,,,,,,,
Hoops,-6.265783757,53.34033214,315561.333,233608.947,Aungier street; outside queen beauty salon,,High,,,High,High,Low,All,Good,Adjacent & Visible,Yes,Yes,Yes,Yes,Yes,Yes,Yes,Yes,
Hoops,-6.264296472,53.35105325,315631.373,234804.423,"Parnell street, outside Paddy Powers",,High,,,,High,Low,,Good,,,,,,,,,,
Hoops,-6.268185675,53.3447647,315389.393,234098.328,,,High,,,,,,,,,,,,,,,,,
Hoops,-6.265089065,53.33518961,315621.511,233037.8,,,High,,,High,High,High,All,Good,Adjacent & Visible,Yes,Yes,Yes,Yes,Yes,Yes,Yes,Yes,
Hoops,-6.260890067,53.35171207,315856.402,234883.26,O'Connell Street outside the Gresham hotel,,High,,,High,High,Low,All,Good,Adjacent & Visible,Yes,Yes,Yes,Yes,Yes,Yes,Yes,Yes,
Hoops,-6.262542307,53.34309454,315769.736,233921.602,Exchequer Street,,High,,,High,High,Low,All,Good,Adjacent & Visible,Yes,Yes,Yes,Yes,Yes,Yes,Yes,Yes,
Hoops,-6.263363063,53.34307372,315715.132,233917.955,,,High,,,High,High,Low,All,Good,Adjacent & Visible,Yes,Yes,Yes,Yes,Yes,Yes,Yes,Yes,
Hoops,-6.263764054,53.34312737,315688.282,233923.276,Excheqer Street,,High,,,,,,,,,,,,,,,,,
Hoops,-6.262097061,53.34388319,315797.251,234010.087,,,High,,,,,,,,,,,,,,,,,
Hoops,-6.267238855,53.34506734,315451.628,234133.537,,,High,,,,High,Low,,Good,,,,,,,,,,
Hoops,-6.278563142,53.3483386,314688.714,234479.324,,,High,,,,High,Low,,Good,,,,,,,,,,
Hoops,-6.266171336,53.34736029,315516.52,234390.428,,,High,,,,High,Low,,Good,,,,,,,,,,
Hoops,-6.251912713,53.33381458,316502.929,232906.195,,,High,,,,High,Low,,Good,,,,,,,,,,
Hoops,-6.277897954,53.34931769,314730.38,234589.348,,,High,,,,High,Low,,Good,,,,,,,,,,
Hoops,-6.26231432,53.34803598,315771.53,234471.866,,,High,,,,High,Low,,Good,,,,,,,,,,
Hoops,-6.259095669,53.34103037,316004.875,233697.49,,,High,,,,High,Low,,Good,,,,,,,,,,
Hoops,-6.256929785,53.34124416,316148.543,233724.801,,,High,,,,High,Low,,Good,,,,,,,,,,
Hoops,-6.249551028,53.34355492,316633.662,233993.973,,,High,,,,High,Low,,Good,,,,,,,,,,
Hoops,-6.260042489,53.34838503,315921.864,234514.395,,,High,,,,High,Low,,Good,,,,,,,,,,
Hoops,-6.257686168,53.33927598,316103.515,233504.548,,,High,,,,High,Low,,Good,,,,,,,,,,
Hoops,-6.264009476,53.34846669,315657.485,234517.05,,,High,,,,High,Low,,Good,,,,,,,,,,
Sheffield Stand,-6.263313442,53.35443291,315687.676,235182.112,Top of Parnell square east.,2,High,50,,High,High,Low,All,Good,Unknown,,,,,,,,,2
Sheffield Stand,-6.255112588,53.3487581,316249.126,234563.925,Bresford Place beside Liberty Hall and bus eireann bus stop,3,High,16,,High,High,Low,All,Good,Visible,,,,,,,,,6
Sheffield Stand,-6.272549629,53.33352788,315129.04,232840.827,Ovoca,4,High,60,,Medium,High,High,All,Good,Unknown,Yes,Yes,Yes,Yes,Yes,Yes,Yes,Yes,
Sheffield Stand,-6.257003546,53.34618021,316130.216,234273.975,Hawkins street,4,High,0,,High,High,Low,All,Good,Visible,,,,,,,,,0
Sheffield Stand,-6.258065701,53.35383416,316038.694,235123.997,Cumberland street North outside nam thanh supermarket,2,High,0,,High,High,Low,All,Good,Adjacent & Visible,,,,,,,,,8
Sheffield Stand,-6.260721087,53.34278548,315891.862,233890.163,"Clarendon street, across from BT",4,High,100,,,,,,,,,,,,,,,,0
Sheffield Stand,-6.251509041,53.34995172,316485.825,234702.625,Store street outside Bus Eireann,3,High,85,,High,High,Low,All,Good,Unknown,,,,Yes,,,,,6
Sheffield Stand,-6.264576763,53.35554873,315600.544,235304.237,North Frederick street outside Lady beauty Parlour,3,High,15,,High,High,Low,All,Good,Adjacent & Visible,,,,,,,,,6
Sheffield Stand,-6.2644279,53.34248363,315645.813,233850.564,"South George's street, outside laser dvd",4,High,100,,High,High,Low,All,Good,Adjacent & Visible,Yes,Yes,Yes,Yes,Yes,Yes,Yes,Yes,0
Sheffield Stand,-6.248142868,53.34945698,316711.319,234653.066,Georges dock outside Ely chq,4,High,60,,High,High,Low,All,Good,Unknown,,,,Yes,,,,,8
Sheffield Stand,-6.278260052,53.3472354,314711.859,234357.044,Smithfield near luas station,6,High,50,,Medium,High,Low,All,Good,,,,,,,,,,0
Sheffield Stand,-6.292752028,53.34093668,313763.589,233632.925,St James hospital,40,High,80,,High,High,High,All,Good,Visible,,,,,,,,,0
Sheffield Stand,-6.300144196,53.33877552,313276.991,233380.675,Brooksfield road outside mace,2,High,50,,Medium,High,Low,All,Good,Unknown,,,,,,,,,0
Sheffield Stand,-6.26120358,53.34525232,315853.041,234163.896,Back of fleet street car park,,High,,,,High,Low,,Good,,,,,,,,,,
Sheffield Stand,-6.255120635,53.3473715,316252.362,234409.608,Tara street,3,High,15,,Medium,High,Low,All,Good,Visible,,,,,,,,,6
Sheffield Stand,-6.249292195,53.34397447,316649.754,234041.084,Bottom of Westmoreland street,2,High,100,,High,High,Low,All,Good,Visible,,,,,,,,,4
Sheffield Stand,-6.258726865,53.34672142,316013.987,234331.401,D'Oliver street,6,High,90,,High,High,Low,All,Good,Visible,,,,,,,,,9
Sheffield Stand,-6.26964894,53.35037866,315276.8,234720.7,Top of Capel Street,11,,,,,,,,,,,,,,Yes,,,,
Sheffield Stand,-6.26580376,53.34639767,315543.6,234283.9,Swift Row,5,,,,,,,,,,,,,,,,Yes,Yes,
Sheffield Stand,-6.27111868,53.34152615,315202.8,233733.2,Bride Road,5,,,,,,,,,,,,,,,Yes,,,
Sheffield Stand,-6.25398474,53.34601317,316331.7,234260.3,Luke Street,14,,,,,,,,,,,,,,,Yes,,,
Sheffield Stand,-6.27604571,53.34296246,314870.8,233885.1,Francis Street at Thomas Street end,10,,,,,,,,,,,,,,,,,,
Sheffield Stand,-6.26785596,53.34419083,315412.9,234035,Exchange Street Upper,7,,,,,,,,,,,,,,,,,,
Sheffield Stand,-6.2615502,53.33147532,315867.3,232630.2,Charlemont Street ,5,,,,,,,,,,,,,,,,,,
Sheffield Stand,-6.27290749,53.3369826,315095.9,233224.7,Clanbrassil St north of Fumbally Lane,5,,,,,,,,,,,,,,,,,Yes,
Sheffield Stand,-6.27295291,53.33689879,315093.1,233215.3,Clanbrassil St south of Fumbally Lane,5,,,,,,,,,,,,,,,,,Yes,
Sheffield Stand,-6.26792456,53.34857168,315396.5,234522.4,Mary Street east of Jervis Lane Lower,9,,,,,,,,,,,,,,,,,,
Sheffield Stand,-6.27478408,53.34166909,314958.3,233743.2,Thomas Davis Street South at Francis St end,10,,,,,,,,,,,,,Yes,,,,,
Sheffield Stand,-6.2689365,53.35002236,315325.2,234682.2,Ryders Row,16,,,,,,,,,,,,,,,,,,
